batch_size | beta | epoch | initializer | rbf_neurons,mean_fit_time,std_fit_time,mean_score_time,std_score_time,param_batch_size,param_betas,param_epochs,param_initializer,param_rbf_neurons,params,split0_test_score,split1_test_score,split2_test_score,mean_test_score,std_test_score,rank_test_score
16_0.1_50_<__main__.InitCentersRandom object at 0x7fe2dea7cf70>_50,298.5286183357239,0.40000421571722977,1.79685640335083,0.15576092449635237,16,0.1,50,<__main__.InitCentersRandom object at 0x7fe2dea7cf70>,50,"{'batch_size': 16, 'betas': 0.1, 'epochs': 50, 'initializer': <__main__.InitCentersRandom object at 0x7fe2dea7cf70>, 'rbf_neurons': 50}",0.9317499995231628,0.9301000237464905,0.9151999950408936,0.925683339436849,0.007443385757796809,1
16_0.1_50_<__main__.InitCentersKMeans object at 0x7fe2dea7c340>_50,415.79447452227276,2.393483521803611,1.7062933444976807,0.022963505471024406,16,0.1,50,<__main__.InitCentersKMeans object at 0x7fe2dea7c340>,50,"{'batch_size': 16, 'betas': 0.1, 'epochs': 50, 'initializer': <__main__.InitCentersKMeans object at 0x7fe2dea7c340>, 'rbf_neurons': 50}",0.9254000186920166,0.9125499725341797,0.9222999811172485,0.9200833241144816,0.0054751619620227706,2
32_0.1_50_<__main__.InitCentersKMeans object at 0x7fe2dea7c340>_50,402.8801540533702,3.861782144226659,1.5252761840820312,0.013585390566532877,32,0.1,50,<__main__.InitCentersKMeans object at 0x7fe2dea7c340>,50,"{'batch_size': 32, 'betas': 0.1, 'epochs': 50, 'initializer': <__main__.InitCentersKMeans object at 0x7fe2dea7c340>, 'rbf_neurons': 50}",0.9184499979019165,0.9114500284194946,0.9198499917984009,0.9165833393732706,0.003674520988162148,3
64_0.1_50_<__main__.InitCentersKMeans object at 0x7fe2dea7c340>_50,443.2159782250722,37.55870042139611,1.7031981945037842,0.22940458439298078,64,0.1,50,<__main__.InitCentersKMeans object at 0x7fe2dea7c340>,50,"{'batch_size': 64, 'betas': 0.1, 'epochs': 50, 'initializer': <__main__.InitCentersKMeans object at 0x7fe2dea7c340>, 'rbf_neurons': 50}",0.9134500026702881,0.9103500247001648,0.9139000177383423,0.9125666817029318,0.0015781433376609994,4
32_0.1_50_<__main__.InitCentersRandom object at 0x7fe2dea7cf70>_50,332.51356315612793,1.5077124309528926,1.747977574666341,0.028646024294614086,32,0.1,50,<__main__.InitCentersRandom object at 0x7fe2dea7cf70>,50,"{'batch_size': 32, 'betas': 0.1, 'epochs': 50, 'initializer': <__main__.InitCentersRandom object at 0x7fe2dea7cf70>, 'rbf_neurons': 50}",0.922249972820282,0.9000499844551086,0.913349986076355,0.9118833144505819,0.009122251735795787,5
64_0.1_50_<__main__.InitCentersRandom object at 0x7fe2dea7cf70>_50,291.77559248606366,0.6180365332536866,1.5737981001536052,0.018537601007052297,64,0.1,50,<__main__.InitCentersRandom object at 0x7fe2dea7cf70>,50,"{'batch_size': 64, 'betas': 0.1, 'epochs': 50, 'initializer': <__main__.InitCentersRandom object at 0x7fe2dea7cf70>, 'rbf_neurons': 50}",0.9035999774932861,0.9020500183105469,0.9108499884605408,0.9054999947547913,0.0038355719135229347,6
16_0.1_50_<__main__.InitCentersKMeans object at 0x7fe2dea7c340>_20,227.78823932011923,3.7386422341907792,1.1067969004313152,0.010959235701835055,16,0.1,50,<__main__.InitCentersKMeans object at 0x7fe2dea7c340>,20,"{'batch_size': 16, 'betas': 0.1, 'epochs': 50, 'initializer': <__main__.InitCentersKMeans object at 0x7fe2dea7c340>, 'rbf_neurons': 20}",0.9074000120162964,0.9005500078201294,0.9053500294685364,0.9044333497683207,0.0028706405355445152,7
16_0.1_20_<__main__.InitCentersKMeans object at 0x7fe2dea7c340>_50,232.78222703933716,4.347089435115014,2.0188635190327964,0.4777247326678191,16,0.1,20,<__main__.InitCentersKMeans object at 0x7fe2dea7c340>,50,"{'batch_size': 16, 'betas': 0.1, 'epochs': 20, 'initializer': <__main__.InitCentersKMeans object at 0x7fe2dea7c340>, 'rbf_neurons': 50}",0.8953999876976013,0.9024999737739563,0.9057999849319458,0.9012333154678345,0.004339224436612591,8
16_0.1_20_<__main__.InitCentersRandom object at 0x7fe2dea7cf70>_50,118.74038290977478,0.04911759657706975,1.6848355929056804,0.014071285406164829,16,0.1,20,<__main__.InitCentersRandom object at 0x7fe2dea7cf70>,50,"{'batch_size': 16, 'betas': 0.1, 'epochs': 20, 'initializer': <__main__.InitCentersRandom object at 0x7fe2dea7cf70>, 'rbf_neurons': 50}",0.8937000036239624,0.9031500220298767,0.9059000015258789,0.9009166757265726,0.005224995310017234,9
32_1.0_50_<__main__.InitCentersRandom object at 0x7fe2dea7cf70>_50,311.8969666163127,19.099471250212606,1.7764635880788167,0.18652107888997804,32,1.0,50,<__main__.InitCentersRandom object at 0x7fe2dea7cf70>,50,"{'batch_size': 32, 'betas': 1.0, 'epochs': 50, 'initializer': <__main__.InitCentersRandom object at 0x7fe2dea7cf70>, 'rbf_neurons': 50}",0.9002500176429749,0.894349992275238,0.9068499803543091,0.9004833300908407,0.005105764814924166,10
32_0.1_20_<__main__.InitCentersRandom object at 0x7fe2dea7cf70>_50,112.65683229764302,1.123284593660432,1.4986035823822021,0.020727607275605065,32,0.1,20,<__main__.InitCentersRandom object at 0x7fe2dea7cf70>,50,"{'batch_size': 32, 'betas': 0.1, 'epochs': 20, 'initializer': <__main__.InitCentersRandom object at 0x7fe2dea7cf70>, 'rbf_neurons': 50}",0.9053000211715698,0.8907999992370605,0.8996000289916992,0.8985666831334432,0.00596453472744766,11
16_1.0_50_<__main__.InitCentersKMeans object at 0x7fe2dea7c340>_50,406.7802969614665,4.78720481907598,1.6828498045603435,0.00950745599686969,16,1.0,50,<__main__.InitCentersKMeans object at 0x7fe2dea7c340>,50,"{'batch_size': 16, 'betas': 1.0, 'epochs': 50, 'initializer': <__main__.InitCentersKMeans object at 0x7fe2dea7c340>, 'rbf_neurons': 50}",0.8969500064849854,0.9008499979972839,0.8971999883651733,0.8983333309491476,0.001782476275389052,12
16_0.1_50_<__main__.InitCentersRandom object at 0x7fe2dea7cf70>_20,167.27106086413065,0.7157670180281971,1.1665882269541423,0.0867925229153793,16,0.1,50,<__main__.InitCentersRandom object at 0x7fe2dea7cf70>,20,"{'batch_size': 16, 'betas': 0.1, 'epochs': 50, 'initializer': <__main__.InitCentersRandom object at 0x7fe2dea7cf70>, 'rbf_neurons': 20}",0.9003999829292297,0.8922500014305115,0.899150013923645,0.897266666094462,0.003583833970450135,13
16_1.0_50_<__main__.InitCentersRandom object at 0x7fe2dea7cf70>_50,285.6600734392802,1.6510659100170848,1.68874724706014,0.02151664585669143,16,1.0,50,<__main__.InitCentersRandom object at 0x7fe2dea7cf70>,50,"{'batch_size': 16, 'betas': 1.0, 'epochs': 50, 'initializer': <__main__.InitCentersRandom object at 0x7fe2dea7cf70>, 'rbf_neurons': 50}",0.8899999856948853,0.8985999822616577,0.9024500250816345,0.8970166643460592,0.005204551975549449,14
32_0.1_50_<__main__.InitCentersKMeans object at 0x7fe2dea7c340>_20,190.8200922012329,0.7764545721277749,1.0274052619934082,0.2552166219756127,32,0.1,50,<__main__.InitCentersKMeans object at 0x7fe2dea7c340>,20,"{'batch_size': 32, 'betas': 0.1, 'epochs': 50, 'initializer': <__main__.InitCentersKMeans object at 0x7fe2dea7c340>, 'rbf_neurons': 20}",0.8849499821662903,0.8949000239372253,0.9017000198364258,0.8938500086466471,0.006878364125796946,15
32_0.1_50_<__main__.InitCentersRandom object at 0x7fe2dea7cf70>_20,145.0461684068044,2.2942171987632243,1.14449938138326,0.2051881578050274,32,0.1,50,<__main__.InitCentersRandom object at 0x7fe2dea7cf70>,20,"{'batch_size': 32, 'betas': 0.1, 'epochs': 50, 'initializer': <__main__.InitCentersRandom object at 0x7fe2dea7cf70>, 'rbf_neurons': 20}",0.8947499990463257,0.8920000195503235,0.8924499750137329,0.8930666645367941,0.0012043881663866057,16
32_0.1_20_<__main__.InitCentersKMeans object at 0x7fe2dea7c340>_50,227.6912439664205,1.6429268711432023,1.4885611534118652,0.021900044277999197,32,0.1,20,<__main__.InitCentersKMeans object at 0x7fe2dea7c340>,50,"{'batch_size': 32, 'betas': 0.1, 'epochs': 20, 'initializer': <__main__.InitCentersKMeans object at 0x7fe2dea7c340>, 'rbf_neurons': 50}",0.8929499983787537,0.8817999958992004,0.8979499936103821,0.8908999959627787,0.0067506784324204705,17
64_0.1_20_<__main__.InitCentersKMeans object at 0x7fe2dea7c340>_50,229.67844851811728,1.7626123783714152,1.5755948225657146,0.040025714114992686,64,0.1,20,<__main__.InitCentersKMeans object at 0x7fe2dea7c340>,50,"{'batch_size': 64, 'betas': 0.1, 'epochs': 20, 'initializer': <__main__.InitCentersKMeans object at 0x7fe2dea7c340>, 'rbf_neurons': 50}",0.8952500224113464,0.8863499760627747,0.8849999904632568,0.888866662979126,0.004547238979895001,18
16_0.1_10_<__main__.InitCentersRandom object at 0x7fe2dea7cf70>_50,59.10954229036967,1.1711806714424045,1.6757935682932537,0.0037442796040114425,16,0.1,10,<__main__.InitCentersRandom object at 0x7fe2dea7cf70>,50,"{'batch_size': 16, 'betas': 0.1, 'epochs': 10, 'initializer': <__main__.InitCentersRandom object at 0x7fe2dea7cf70>, 'rbf_neurons': 50}",0.8928499817848206,0.8764500021934509,0.8964499831199646,0.8885833223660787,0.008704523583052728,19
64_0.1_50_<__main__.InitCentersKMeans object at 0x7fe2dea7c340>_20,183.28502718607584,14.159333092621806,0.7488857905069987,0.03907993961988692,64,0.1,50,<__main__.InitCentersKMeans object at 0x7fe2dea7c340>,20,"{'batch_size': 64, 'betas': 0.1, 'epochs': 50, 'initializer': <__main__.InitCentersKMeans object at 0x7fe2dea7c340>, 'rbf_neurons': 20}",0.8916000127792358,0.8772500157356262,0.8913499712944031,0.886733333269755,0.006706495049620219,20
16_0.1_50_<__main__.InitCentersKMeans object at 0x7fe2dea7c340>_10,168.25087436040243,2.0967035728922294,1.2074536482493083,0.18430919417450622,16,0.1,50,<__main__.InitCentersKMeans object at 0x7fe2dea7c340>,10,"{'batch_size': 16, 'betas': 0.1, 'epochs': 50, 'initializer': <__main__.InitCentersKMeans object at 0x7fe2dea7c340>, 'rbf_neurons': 10}",0.8824999928474426,0.8805999755859375,0.8945000171661377,0.885866661866506,0.006153786595572091,21
32_0.1_10_<__main__.InitCentersKMeans object at 0x7fe2dea7c340>_50,171.4564743836721,0.7644993527471122,1.4892226060231526,0.00962695855491509,32,0.1,10,<__main__.InitCentersKMeans object at 0x7fe2dea7c340>,50,"{'batch_size': 32, 'betas': 0.1, 'epochs': 10, 'initializer': <__main__.InitCentersKMeans object at 0x7fe2dea7c340>, 'rbf_neurons': 50}",0.8866000175476074,0.8823000192642212,0.8872500061988831,0.8853833476702372,0.002196331313229071,22
64_0.1_50_<__main__.InitCentersRandom object at 0x7fe2dea7cf70>_20,118.74782156944275,1.4646312358645144,0.7167185147603353,0.006832674432194408,64,0.1,50,<__main__.InitCentersRandom object at 0x7fe2dea7cf70>,20,"{'batch_size': 64, 'betas': 0.1, 'epochs': 50, 'initializer': <__main__.InitCentersRandom object at 0x7fe2dea7cf70>, 'rbf_neurons': 20}",0.8871999979019165,0.8797500133514404,0.8885999917984009,0.8851833343505859,0.003884218371595932,23
32_1.0_50_<__main__.InitCentersKMeans object at 0x7fe2dea7c340>_50,411.4220647017161,1.025703506214442,1.8790833950042725,0.12263190364554717,32,1.0,50,<__main__.InitCentersKMeans object at 0x7fe2dea7c340>,50,"{'batch_size': 32, 'betas': 1.0, 'epochs': 50, 'initializer': <__main__.InitCentersKMeans object at 0x7fe2dea7c340>, 'rbf_neurons': 50}",0.8830000162124634,0.8797500133514404,0.8919000029563904,0.8848833441734314,0.005135870910015875,24
64_1.0_50_<__main__.InitCentersRandom object at 0x7fe2dea7cf70>_50,293.5689914226532,0.9015410556219778,1.632323980331421,0.046049460491536034,64,1.0,50,<__main__.InitCentersRandom object at 0x7fe2dea7cf70>,50,"{'batch_size': 64, 'betas': 1.0, 'epochs': 50, 'initializer': <__main__.InitCentersRandom object at 0x7fe2dea7cf70>, 'rbf_neurons': 50}",0.8878999948501587,0.8674499988555908,0.890250027179718,0.8818666736284891,0.010239174661339862,25
64_1.0_50_<__main__.InitCentersKMeans object at 0x7fe2dea7c340>_50,404.81707461675006,0.465605960447253,1.6026567618052165,0.046253523641289325,64,1.0,50,<__main__.InitCentersKMeans object at 0x7fe2dea7c340>,50,"{'batch_size': 64, 'betas': 1.0, 'epochs': 50, 'initializer': <__main__.InitCentersKMeans object at 0x7fe2dea7c340>, 'rbf_neurons': 50}",0.8809000253677368,0.8715000152587891,0.8920999765396118,0.8815000057220459,0.008420593150604725,26
64_0.1_20_<__main__.InitCentersRandom object at 0x7fe2dea7cf70>_50,116.41871277491252,0.15396584757014964,1.5637540817260742,0.03431391965068766,64,0.1,20,<__main__.InitCentersRandom object at 0x7fe2dea7cf70>,50,"{'batch_size': 64, 'betas': 0.1, 'epochs': 20, 'initializer': <__main__.InitCentersRandom object at 0x7fe2dea7cf70>, 'rbf_neurons': 50}",0.8857499957084656,0.86080002784729,0.8974999785423279,0.8813500006993612,0.01530232144294148,27
16_1.0_50_<__main__.InitCentersRandom object at 0x7fe2dea7cf70>_20,179.62387323379517,16.022438868665898,1.2042187849680583,0.12408285335231894,16,1.0,50,<__main__.InitCentersRandom object at 0x7fe2dea7cf70>,20,"{'batch_size': 16, 'betas': 1.0, 'epochs': 50, 'initializer': <__main__.InitCentersRandom object at 0x7fe2dea7cf70>, 'rbf_neurons': 20}",0.8813499808311462,0.8797000050544739,0.8829500079154968,0.8813333312670389,0.0013268603431039908,28
16_0.1_20_<__main__.InitCentersKMeans object at 0x7fe2dea7c340>_20,133.58142280578613,7.421354750660151,1.6208455562591553,0.7407083726879548,16,0.1,20,<__main__.InitCentersKMeans object at 0x7fe2dea7c340>,20,"{'batch_size': 16, 'betas': 0.1, 'epochs': 20, 'initializer': <__main__.InitCentersKMeans object at 0x7fe2dea7c340>, 'rbf_neurons': 20}",0.8777499794960022,0.8793500065803528,0.8852499723434448,0.8807833194732666,0.003225240307808332,29
16_0.1_10_<__main__.InitCentersKMeans object at 0x7fe2dea7c340>_50,174.86498800913492,0.946222864339519,1.6984726587931316,0.02161304959217796,16,0.1,10,<__main__.InitCentersKMeans object at 0x7fe2dea7c340>,50,"{'batch_size': 16, 'betas': 0.1, 'epochs': 10, 'initializer': <__main__.InitCentersKMeans object at 0x7fe2dea7c340>, 'rbf_neurons': 50}",0.8878499865531921,0.8722000122070312,0.8755000233650208,0.878516674041748,0.00673575337226272,30
16_0.1_20_<__main__.InitCentersRandom object at 0x7fe2dea7cf70>_20,71.70454740524292,7.490428888519795,1.1900437672932942,0.13133465868075575,16,0.1,20,<__main__.InitCentersRandom object at 0x7fe2dea7cf70>,20,"{'batch_size': 16, 'betas': 0.1, 'epochs': 20, 'initializer': <__main__.InitCentersRandom object at 0x7fe2dea7cf70>, 'rbf_neurons': 20}",0.8840000033378601,0.8742499947547913,0.8766000270843506,0.8782833417256674,0.004154582047068233,31
32_0.1_10_<__main__.InitCentersRandom object at 0x7fe2dea7cf70>_50,58.254337867101036,0.31558631858694935,1.4940131505330403,0.018477002169780925,32,0.1,10,<__main__.InitCentersRandom object at 0x7fe2dea7cf70>,50,"{'batch_size': 32, 'betas': 0.1, 'epochs': 10, 'initializer': <__main__.InitCentersRandom object at 0x7fe2dea7cf70>, 'rbf_neurons': 50}",0.8769500255584717,0.8811500072479248,0.8648499846458435,0.87431667248408,0.006910069730371583,32
32_0.1_50_<__main__.InitCentersKMeans object at 0x7fe2dea7c340>_10,139.33608102798462,3.4867943222494477,0.7149454752604166,0.03612874271907184,32,0.1,50,<__main__.InitCentersKMeans object at 0x7fe2dea7c340>,10,"{'batch_size': 32, 'betas': 0.1, 'epochs': 50, 'initializer': <__main__.InitCentersKMeans object at 0x7fe2dea7c340>, 'rbf_neurons': 10}",0.8809000253677368,0.861050009727478,0.8781999945640564,0.8733833432197571,0.008790368890971336,33
16_1.0_20_<__main__.InitCentersKMeans object at 0x7fe2dea7c340>_50,228.10706901550293,2.1113250173050826,1.7896356582641602,0.0951575062196078,16,1.0,20,<__main__.InitCentersKMeans object at 0x7fe2dea7c340>,50,"{'batch_size': 16, 'betas': 1.0, 'epochs': 20, 'initializer': <__main__.InitCentersKMeans object at 0x7fe2dea7c340>, 'rbf_neurons': 50}",0.8796499967575073,0.8668000102043152,0.8690999746322632,0.8718499938646952,0.005594788821654445,34
32_0.1_20_<__main__.InitCentersRandom object at 0x7fe2dea7cf70>_20,51.695927143096924,0.5806026404545382,1.0200799306233723,0.26549417413938275,32,0.1,20,<__main__.InitCentersRandom object at 0x7fe2dea7cf70>,20,"{'batch_size': 32, 'betas': 0.1, 'epochs': 20, 'initializer': <__main__.InitCentersRandom object at 0x7fe2dea7cf70>, 'rbf_neurons': 20}",0.8679999709129333,0.8679500222206116,0.8736500144004822,0.869866669178009,0.0026753067764618372,35
16_0.1_50_<__main__.InitCentersRandom object at 0x7fe2dea7cf70>_10,124.53329054514568,0.917806982251759,0.9133438269297282,0.0029881661305736088,16,0.1,50,<__main__.InitCentersRandom object at 0x7fe2dea7cf70>,10,"{'batch_size': 16, 'betas': 0.1, 'epochs': 50, 'initializer': <__main__.InitCentersRandom object at 0x7fe2dea7cf70>, 'rbf_neurons': 10}",0.8698499798774719,0.866599977016449,0.8731499910354614,0.8698666493097941,0.00267405800420701,36
64_0.1_10_<__main__.InitCentersRandom object at 0x7fe2dea7cf70>_50,58.8341072400411,0.36321424167716737,1.6072877248128254,0.034129815260026904,64,0.1,10,<__main__.InitCentersRandom object at 0x7fe2dea7cf70>,50,"{'batch_size': 64, 'betas': 0.1, 'epochs': 10, 'initializer': <__main__.InitCentersRandom object at 0x7fe2dea7cf70>, 'rbf_neurons': 50}",0.8716999888420105,0.8551499843597412,0.8788999915122986,0.8685833215713501,0.009943202740017454,37
32_1.0_50_<__main__.InitCentersRandom object at 0x7fe2dea7cf70>_20,147.9755695660909,3.8427796764709967,1.2517273426055908,0.16590491766215365,32,1.0,50,<__main__.InitCentersRandom object at 0x7fe2dea7cf70>,20,"{'batch_size': 32, 'betas': 1.0, 'epochs': 50, 'initializer': <__main__.InitCentersRandom object at 0x7fe2dea7cf70>, 'rbf_neurons': 20}",0.8689000010490417,0.8466500043869019,0.8884999752044678,0.8680166602134705,0.017096592889259556,38
32_0.1_20_<__main__.InitCentersKMeans object at 0x7fe2dea7c340>_20,111.26536615689595,2.9721182681218496,1.2158705393473308,0.2372787224345194,32,0.1,20,<__main__.InitCentersKMeans object at 0x7fe2dea7c340>,20,"{'batch_size': 32, 'betas': 0.1, 'epochs': 20, 'initializer': <__main__.InitCentersKMeans object at 0x7fe2dea7c340>, 'rbf_neurons': 20}",0.8773499727249146,0.8417500257492065,0.8812000155448914,0.8667666713396708,0.01775913145169897,39
64_0.1_50_<__main__.InitCentersKMeans object at 0x7fe2dea7c340>_10,114.11740112304688,5.009078575545719,0.5743048191070557,0.09668178668554506,64,0.1,50,<__main__.InitCentersKMeans object at 0x7fe2dea7c340>,10,"{'batch_size': 64, 'betas': 0.1, 'epochs': 50, 'initializer': <__main__.InitCentersKMeans object at 0x7fe2dea7c340>, 'rbf_neurons': 10}",0.8665500283241272,0.8618000149726868,0.8709499835968018,0.866433342297872,0.003736370179475853,40
64_0.1_10_<__main__.InitCentersKMeans object at 0x7fe2dea7c340>_50,172.13229592641196,1.9290767886961557,1.5480335553487141,0.01743103952884343,64,0.1,10,<__main__.InitCentersKMeans object at 0x7fe2dea7c340>,50,"{'batch_size': 64, 'betas': 0.1, 'epochs': 10, 'initializer': <__main__.InitCentersKMeans object at 0x7fe2dea7c340>, 'rbf_neurons': 50}",0.8640999794006348,0.8603500127792358,0.8738499879837036,0.866099993387858,0.005689895991558359,41
32_0.1_50_<__main__.InitCentersRandom object at 0x7fe2dea7cf70>_10,97.03325088818868,6.101735002335248,0.7006715138753256,0.024481081370119867,32,0.1,50,<__main__.InitCentersRandom object at 0x7fe2dea7cf70>,10,"{'batch_size': 32, 'betas': 0.1, 'epochs': 50, 'initializer': <__main__.InitCentersRandom object at 0x7fe2dea7cf70>, 'rbf_neurons': 10}",0.8830500245094299,0.8259999752044678,0.8682000041007996,0.859083334604899,0.02416626130852357,42
32_1.0_20_<__main__.InitCentersKMeans object at 0x7fe2dea7c340>_50,240.97004294395447,7.764025513893856,1.8092768987019856,0.04761095795691968,32,1.0,20,<__main__.InitCentersKMeans object at 0x7fe2dea7c340>,50,"{'batch_size': 32, 'betas': 1.0, 'epochs': 20, 'initializer': <__main__.InitCentersKMeans object at 0x7fe2dea7c340>, 'rbf_neurons': 50}",0.8555499911308289,0.8676000237464905,0.8466500043869019,0.8566000064214071,0.008584976290963981,43
64_0.1_20_<__main__.InitCentersKMeans object at 0x7fe2dea7c340>_20,103.21381680170695,2.253777296506418,0.7151583035786947,0.006808169956696071,64,0.1,20,<__main__.InitCentersKMeans object at 0x7fe2dea7c340>,20,"{'batch_size': 64, 'betas': 0.1, 'epochs': 20, 'initializer': <__main__.InitCentersKMeans object at 0x7fe2dea7c340>, 'rbf_neurons': 20}",0.8464499711990356,0.8519999980926514,0.8575999736785889,0.8520166476567587,0.004551984675538021,44
64_0.1_20_<__main__.InitCentersRandom object at 0x7fe2dea7cf70>_20,46.41965516408285,0.37728755955855814,0.72060227394104,0.03178194813210576,64,0.1,20,<__main__.InitCentersRandom object at 0x7fe2dea7cf70>,20,"{'batch_size': 64, 'betas': 0.1, 'epochs': 20, 'initializer': <__main__.InitCentersRandom object at 0x7fe2dea7cf70>, 'rbf_neurons': 20}",0.8435999751091003,0.8464000225067139,0.8608499765396118,0.8502833247184753,0.00755868879233542,45
16_0.1_10_<__main__.InitCentersKMeans object at 0x7fe2dea7c340>_20,99.09350601832072,6.0010216044597255,1.1091418266296387,0.00768048418946458,16,0.1,10,<__main__.InitCentersKMeans object at 0x7fe2dea7c340>,20,"{'batch_size': 16, 'betas': 0.1, 'epochs': 10, 'initializer': <__main__.InitCentersKMeans object at 0x7fe2dea7c340>, 'rbf_neurons': 20}",0.8522999882698059,0.822700023651123,0.8695499897003174,0.8481833338737488,0.01934666142198007,46
16_2.0_50_<__main__.InitCentersRandom object at 0x7fe2dea7cf70>_50,301.9492925008138,1.9614131887022728,2.0487747192382812,0.47589846566751676,16,2.0,50,<__main__.InitCentersRandom object at 0x7fe2dea7cf70>,50,"{'batch_size': 16, 'betas': 2.0, 'epochs': 50, 'initializer': <__main__.InitCentersRandom object at 0x7fe2dea7cf70>, 'rbf_neurons': 50}",0.8512499928474426,0.8522999882698059,0.8338500261306763,0.845800002415975,0.008460775083136939,47
16_1.0_10_<__main__.InitCentersKMeans object at 0x7fe2dea7c340>_50,175.22516123453775,0.31581264177218626,1.7011077404022217,0.013687685224744756,16,1.0,10,<__main__.InitCentersKMeans object at 0x7fe2dea7c340>,50,"{'batch_size': 16, 'betas': 1.0, 'epochs': 10, 'initializer': <__main__.InitCentersKMeans object at 0x7fe2dea7c340>, 'rbf_neurons': 50}",0.8491500020027161,0.8220999836921692,0.8595499992370605,0.8435999949773153,0.015784546230720935,48
16_0.1_10_<__main__.InitCentersRandom object at 0x7fe2dea7cf70>_20,32.81480487187704,0.09873912501794516,1.1020948886871338,0.005855445133908401,16,0.1,10,<__main__.InitCentersRandom object at 0x7fe2dea7cf70>,20,"{'batch_size': 16, 'betas': 0.1, 'epochs': 10, 'initializer': <__main__.InitCentersRandom object at 0x7fe2dea7cf70>, 'rbf_neurons': 20}",0.86080002784729,0.8427000045776367,0.8228499889373779,0.8421166737874349,0.015498528304843632,49
16_0.1_20_<__main__.InitCentersKMeans object at 0x7fe2dea7c340>_10,128.70170124371847,2.859513272270344,1.102246920267741,0.21059377122800318,16,0.1,20,<__main__.InitCentersKMeans object at 0x7fe2dea7c340>,10,"{'batch_size': 16, 'betas': 0.1, 'epochs': 20, 'initializer': <__main__.InitCentersKMeans object at 0x7fe2dea7c340>, 'rbf_neurons': 10}",0.855650007724762,0.8345000147819519,0.8360999822616577,0.8420833349227905,0.009615297955891007,50
16_0.1_20_<__main__.InitCentersRandom object at 0x7fe2dea7cf70>_10,50.01020693778992,0.33768108502459454,1.1344459056854248,0.31732034634395134,16,0.1,20,<__main__.InitCentersRandom object at 0x7fe2dea7cf70>,10,"{'batch_size': 16, 'betas': 0.1, 'epochs': 20, 'initializer': <__main__.InitCentersRandom object at 0x7fe2dea7cf70>, 'rbf_neurons': 10}",0.8440499901771545,0.8379499912261963,0.836899995803833,0.8396333257357279,0.003152334181509265,51
64_1.0_50_<__main__.InitCentersRandom object at 0x7fe2dea7cf70>_20,111.95458889007568,1.7209225228553218,0.6995135943094889,0.005798676199387211,64,1.0,50,<__main__.InitCentersRandom object at 0x7fe2dea7cf70>,20,"{'batch_size': 64, 'betas': 1.0, 'epochs': 50, 'initializer': <__main__.InitCentersRandom object at 0x7fe2dea7cf70>, 'rbf_neurons': 20}",0.8348000049591064,0.8238000273704529,0.8562999963760376,0.8383000095685323,0.013496901386132881,52
64_0.1_50_<__main__.InitCentersRandom object at 0x7fe2dea7cf70>_10,69.58124764760335,0.13720736922139967,0.6043014526367188,0.13897526559346762,64,0.1,50,<__main__.InitCentersRandom object at 0x7fe2dea7cf70>,10,"{'batch_size': 64, 'betas': 0.1, 'epochs': 50, 'initializer': <__main__.InitCentersRandom object at 0x7fe2dea7cf70>, 'rbf_neurons': 10}",0.8488500118255615,0.8080000281333923,0.8440499901771545,0.8336333433787028,0.01823111241450346,53
32_0.1_10_<__main__.InitCentersKMeans object at 0x7fe2dea7c340>_20,85.38065274556477,0.5466405562558729,0.8630428314208984,0.07096760616461768,32,0.1,10,<__main__.InitCentersKMeans object at 0x7fe2dea7c340>,20,"{'batch_size': 32, 'betas': 0.1, 'epochs': 10, 'initializer': <__main__.InitCentersKMeans object at 0x7fe2dea7c340>, 'rbf_neurons': 20}",0.8190500140190125,0.8313500285148621,0.8495000004768372,0.8333000143369039,0.012507391210801452,54
32_0.1_10_<__main__.InitCentersRandom object at 0x7fe2dea7cf70>_20,26.029247442881267,0.3041767416696106,0.9263410568237305,0.09458056695477031,32,0.1,10,<__main__.InitCentersRandom object at 0x7fe2dea7cf70>,20,"{'batch_size': 32, 'betas': 0.1, 'epochs': 10, 'initializer': <__main__.InitCentersRandom object at 0x7fe2dea7cf70>, 'rbf_neurons': 20}",0.8309000134468079,0.8335000276565552,0.8295000195503235,0.8313000202178955,0.0016573111305498796,55
16_1.0_50_<__main__.InitCentersKMeans object at 0x7fe2dea7c340>_20,234.5752832889557,19.89162546684874,1.193041483561198,0.1415570697547767,16,1.0,50,<__main__.InitCentersKMeans object at 0x7fe2dea7c340>,20,"{'batch_size': 16, 'betas': 1.0, 'epochs': 50, 'initializer': <__main__.InitCentersKMeans object at 0x7fe2dea7c340>, 'rbf_neurons': 20}",0.7975999712944031,0.8269500136375427,0.8642500042915344,0.8295999964078268,0.0272742067546339,56
64_1.0_20_<__main__.InitCentersKMeans object at 0x7fe2dea7c340>_50,252.16336297988892,20.096670664433734,1.734602451324463,0.2753965649262518,64,1.0,20,<__main__.InitCentersKMeans object at 0x7fe2dea7c340>,50,"{'batch_size': 64, 'betas': 1.0, 'epochs': 20, 'initializer': <__main__.InitCentersKMeans object at 0x7fe2dea7c340>, 'rbf_neurons': 50}",0.807200014591217,0.8361999988555908,0.8428999781608582,0.828766663869222,0.015493282447200716,57
16_1.0_20_<__main__.InitCentersRandom object at 0x7fe2dea7cf70>_50,116.16871794064839,0.49049202534190656,1.7545091311136882,0.09576125598098638,16,1.0,20,<__main__.InitCentersRandom object at 0x7fe2dea7cf70>,50,"{'batch_size': 16, 'betas': 1.0, 'epochs': 20, 'initializer': <__main__.InitCentersRandom object at 0x7fe2dea7cf70>, 'rbf_neurons': 50}",0.8313000202178955,0.8226000070571899,0.8238499760627747,0.8259166677792867,0.003840656908866602,58
32_0.1_20_<__main__.InitCentersKMeans object at 0x7fe2dea7c340>_10,80.83835744857788,5.843114261173308,0.6967828273773193,0.04804141176185802,32,0.1,20,<__main__.InitCentersKMeans object at 0x7fe2dea7c340>,10,"{'batch_size': 32, 'betas': 0.1, 'epochs': 20, 'initializer': <__main__.InitCentersKMeans object at 0x7fe2dea7c340>, 'rbf_neurons': 10}",0.8288499712944031,0.8161500096321106,0.8243499994277954,0.823116660118103,0.005257572376775493,59
64_0.1_10_<__main__.InitCentersKMeans object at 0x7fe2dea7c340>_20,81.89258972803752,0.6601166420112258,0.7322139739990234,0.028868168000896435,64,0.1,10,<__main__.InitCentersKMeans object at 0x7fe2dea7c340>,20,"{'batch_size': 64, 'betas': 0.1, 'epochs': 10, 'initializer': <__main__.InitCentersKMeans object at 0x7fe2dea7c340>, 'rbf_neurons': 20}",0.8255000114440918,0.803600013256073,0.8147000074386597,0.8146000107129415,0.00894091642087739,60
32_0.1_20_<__main__.InitCentersRandom object at 0x7fe2dea7cf70>_10,37.81616735458374,0.13335914670791973,0.6971018314361572,0.04998315599651562,32,0.1,20,<__main__.InitCentersRandom object at 0x7fe2dea7cf70>,10,"{'batch_size': 32, 'betas': 0.1, 'epochs': 20, 'initializer': <__main__.InitCentersRandom object at 0x7fe2dea7cf70>, 'rbf_neurons': 10}",0.8080499768257141,0.823199987411499,0.8054500222206116,0.8122333288192749,0.00782690409191062,61
64_0.1_20_<__main__.InitCentersKMeans object at 0x7fe2dea7c340>_10,76.22477809588115,3.006158167135944,0.6083788077036539,0.10908801988250243,64,0.1,20,<__main__.InitCentersKMeans object at 0x7fe2dea7c340>,10,"{'batch_size': 64, 'betas': 0.1, 'epochs': 20, 'initializer': <__main__.InitCentersKMeans object at 0x7fe2dea7c340>, 'rbf_neurons': 10}",0.8130499720573425,0.7864500284194946,0.8130000233650208,0.8041666746139526,0.01252757725986071,62
64_1.0_50_<__main__.InitCentersKMeans object at 0x7fe2dea7c340>_20,172.04502113660178,1.7202680100678247,0.7034238974253336,0.00457163135482201,64,1.0,50,<__main__.InitCentersKMeans object at 0x7fe2dea7c340>,20,"{'batch_size': 64, 'betas': 1.0, 'epochs': 50, 'initializer': <__main__.InitCentersKMeans object at 0x7fe2dea7c340>, 'rbf_neurons': 20}",0.8277000188827515,0.7662000060081482,0.7994499802589417,0.7977833350499471,0.025134918282256797,63
32_1.0_50_<__main__.InitCentersRandom object at 0x7fe2dea7cf70>_10,113.64417727788289,1.3539375862943517,0.871694008509318,0.07298962375849807,32,1.0,50,<__main__.InitCentersRandom object at 0x7fe2dea7cf70>,10,"{'batch_size': 32, 'betas': 1.0, 'epochs': 50, 'initializer': <__main__.InitCentersRandom object at 0x7fe2dea7cf70>, 'rbf_neurons': 10}",0.7477499842643738,0.79544997215271,0.8500499725341797,0.7977499763170878,0.0417954496276626,64
16_0.1_10_<__main__.InitCentersKMeans object at 0x7fe2dea7c340>_10,76.1095605691274,8.977026712650435,1.0117232004801433,0.09817546510292513,16,0.1,10,<__main__.InitCentersKMeans object at 0x7fe2dea7c340>,10,"{'batch_size': 16, 'betas': 0.1, 'epochs': 10, 'initializer': <__main__.InitCentersKMeans object at 0x7fe2dea7c340>, 'rbf_neurons': 10}",0.8116999864578247,0.7871500253677368,0.793749988079071,0.7975333333015442,0.010373376923179039,65
64_0.1_10_<__main__.InitCentersRandom object at 0x7fe2dea7cf70>_20,22.86760115623474,0.06401256338766832,0.7072707811991373,0.005415516685977494,64,0.1,10,<__main__.InitCentersRandom object at 0x7fe2dea7cf70>,20,"{'batch_size': 64, 'betas': 0.1, 'epochs': 10, 'initializer': <__main__.InitCentersRandom object at 0x7fe2dea7cf70>, 'rbf_neurons': 20}",0.8011500239372253,0.7731000185012817,0.7952499985694885,0.7898333470026652,0.012074926828940307,66
64_0.1_20_<__main__.InitCentersRandom object at 0x7fe2dea7cf70>_10,27.68390687306722,0.43360999819046026,0.5070215861002604,0.006262493529817974,64,0.1,20,<__main__.InitCentersRandom object at 0x7fe2dea7cf70>,10,"{'batch_size': 64, 'betas': 0.1, 'epochs': 20, 'initializer': <__main__.InitCentersRandom object at 0x7fe2dea7cf70>, 'rbf_neurons': 10}",0.7950999736785889,0.7682999968528748,0.8032500147819519,0.7888833284378052,0.014930080304495405,67
32_1.0_10_<__main__.InitCentersKMeans object at 0x7fe2dea7c340>_50,190.30657196044922,1.5094265983661472,2.184373060862223,0.1281230358830406,32,1.0,10,<__main__.InitCentersKMeans object at 0x7fe2dea7c340>,50,"{'batch_size': 32, 'betas': 1.0, 'epochs': 10, 'initializer': <__main__.InitCentersKMeans object at 0x7fe2dea7c340>, 'rbf_neurons': 50}",0.8216999769210815,0.7441999912261963,0.796999990940094,0.7876333196957906,0.0323250454325641,68
32_1.0_50_<__main__.InitCentersKMeans object at 0x7fe2dea7c340>_20,205.77336239814758,2.0789808373522485,1.200019121170044,0.17960434978986867,32,1.0,50,<__main__.InitCentersKMeans object at 0x7fe2dea7c340>,20,"{'batch_size': 32, 'betas': 1.0, 'epochs': 50, 'initializer': <__main__.InitCentersKMeans object at 0x7fe2dea7c340>, 'rbf_neurons': 20}",0.7140499949455261,0.8359500169754028,0.8095499873161316,0.7865166664123535,0.05236286372747657,69
16_1.0_50_<__main__.InitCentersRandom object at 0x7fe2dea7cf70>_10,122.34086147944133,1.2382814020241144,0.9310905933380127,0.023179891802576832,16,1.0,50,<__main__.InitCentersRandom object at 0x7fe2dea7cf70>,10,"{'batch_size': 16, 'betas': 1.0, 'epochs': 50, 'initializer': <__main__.InitCentersRandom object at 0x7fe2dea7cf70>, 'rbf_neurons': 10}",0.7875000238418579,0.7774500250816345,0.7908999919891357,0.7852833469708761,0.005710262382528431,70
32_1.0_20_<__main__.InitCentersRandom object at 0x7fe2dea7cf70>_50,121.18943095207214,0.7156374295188964,1.8204559485117595,0.061056744854153876,32,1.0,20,<__main__.InitCentersRandom object at 0x7fe2dea7cf70>,50,"{'batch_size': 32, 'betas': 1.0, 'epochs': 20, 'initializer': <__main__.InitCentersRandom object at 0x7fe2dea7cf70>, 'rbf_neurons': 50}",0.7282000184059143,0.8274000287055969,0.7900000214576721,0.7818666895230612,0.04090455416481321,71
32_0.1_10_<__main__.InitCentersKMeans object at 0x7fe2dea7c340>_10,61.22282020250956,1.1284487419727272,0.6944987773895264,0.03482399512003309,32,0.1,10,<__main__.InitCentersKMeans object at 0x7fe2dea7c340>,10,"{'batch_size': 32, 'betas': 0.1, 'epochs': 10, 'initializer': <__main__.InitCentersKMeans object at 0x7fe2dea7c340>, 'rbf_neurons': 10}",0.7861999869346619,0.7732999920845032,0.7715499997138977,0.7770166595776876,0.0065327760476593996,72
16_2.0_50_<__main__.InitCentersKMeans object at 0x7fe2dea7c340>_50,409.6018660068512,3.792473483618241,2.039648691813151,0.4708755862031593,16,2.0,50,<__main__.InitCentersKMeans object at 0x7fe2dea7c340>,50,"{'batch_size': 16, 'betas': 2.0, 'epochs': 50, 'initializer': <__main__.InitCentersKMeans object at 0x7fe2dea7c340>, 'rbf_neurons': 50}",0.746150016784668,0.7582499980926514,0.8049499988555908,0.7697833379109701,0.02535248729952446,73
32_0.1_10_<__main__.InitCentersRandom object at 0x7fe2dea7cf70>_10,19.3737309773763,1.1292053868052203,0.6772372722625732,0.015639174893132855,32,0.1,10,<__main__.InitCentersRandom object at 0x7fe2dea7cf70>,10,"{'batch_size': 32, 'betas': 0.1, 'epochs': 10, 'initializer': <__main__.InitCentersRandom object at 0x7fe2dea7cf70>, 'rbf_neurons': 10}",0.7661499977111816,0.7455999851226807,0.7893000245094299,0.7670166691144308,0.01785098876984627,74
16_0.1_10_<__main__.InitCentersRandom object at 0x7fe2dea7cf70>_10,36.91388972600301,6.307726470993339,1.1296480496724446,0.19358971335234343,16,0.1,10,<__main__.InitCentersRandom object at 0x7fe2dea7cf70>,10,"{'batch_size': 16, 'betas': 0.1, 'epochs': 10, 'initializer': <__main__.InitCentersRandom object at 0x7fe2dea7cf70>, 'rbf_neurons': 10}",0.728600025177002,0.7627500295639038,0.7994499802589417,0.7636000116666158,0.028930616838215024,75
16_2.0_50_<__main__.InitCentersRandom object at 0x7fe2dea7cf70>_20,167.86412707964578,3.8261211008914175,1.212300697962443,0.12682578293964708,16,2.0,50,<__main__.InitCentersRandom object at 0x7fe2dea7cf70>,20,"{'batch_size': 16, 'betas': 2.0, 'epochs': 50, 'initializer': <__main__.InitCentersRandom object at 0x7fe2dea7cf70>, 'rbf_neurons': 20}",0.5929499864578247,0.8298500180244446,0.7526999711990356,0.7251666585604349,0.09865417280482892,76
16_1.0_10_<__main__.InitCentersRandom object at 0x7fe2dea7cf70>_50,60.14624627431234,0.9059735069108394,1.6916736761728923,0.011250687753968175,16,1.0,10,<__main__.InitCentersRandom object at 0x7fe2dea7cf70>,50,"{'batch_size': 16, 'betas': 1.0, 'epochs': 10, 'initializer': <__main__.InitCentersRandom object at 0x7fe2dea7cf70>, 'rbf_neurons': 50}",0.7066500186920166,0.7004500031471252,0.763450026512146,0.7235166827837626,0.028350355720121467,77
16_1.0_20_<__main__.InitCentersKMeans object at 0x7fe2dea7c340>_20,128.82888778050742,8.548177911871631,1.1927331288655598,0.13471724949692276,16,1.0,20,<__main__.InitCentersKMeans object at 0x7fe2dea7c340>,20,"{'batch_size': 16, 'betas': 1.0, 'epochs': 20, 'initializer': <__main__.InitCentersKMeans object at 0x7fe2dea7c340>, 'rbf_neurons': 20}",0.6829500198364258,0.7512999773025513,0.7220500111579895,0.7187666694323221,0.02800017167888942,78
64_0.1_10_<__main__.InitCentersKMeans object at 0x7fe2dea7c340>_10,56.59245721499125,5.2593887831903565,0.6946617762247721,0.12675105679884546,64,0.1,10,<__main__.InitCentersKMeans object at 0x7fe2dea7c340>,10,"{'batch_size': 64, 'betas': 0.1, 'epochs': 10, 'initializer': <__main__.InitCentersKMeans object at 0x7fe2dea7c340>, 'rbf_neurons': 10}",0.7268499732017517,0.7379999756813049,0.6912999749183655,0.7187166412671407,0.019913744568070883,79
16_1.0_20_<__main__.InitCentersRandom object at 0x7fe2dea7cf70>_20,70.4418207804362,8.374389044518862,1.0971692403157551,0.007645715941491332,16,1.0,20,<__main__.InitCentersRandom object at 0x7fe2dea7cf70>,20,"{'batch_size': 16, 'betas': 1.0, 'epochs': 20, 'initializer': <__main__.InitCentersRandom object at 0x7fe2dea7cf70>, 'rbf_neurons': 20}",0.5915499925613403,0.7204499840736389,0.8301500082015991,0.7140499949455261,0.09751311625114134,80
32_2.0_50_<__main__.InitCentersKMeans object at 0x7fe2dea7c340>_50,401.9480806986491,1.3614993189684776,1.5480228265126545,0.014339039012099217,32,2.0,50,<__main__.InitCentersKMeans object at 0x7fe2dea7c340>,50,"{'batch_size': 32, 'betas': 2.0, 'epochs': 50, 'initializer': <__main__.InitCentersKMeans object at 0x7fe2dea7c340>, 'rbf_neurons': 50}",0.7237499952316284,0.6894500255584717,0.7275500297546387,0.7135833501815796,0.017135209046818336,81
32_2.0_50_<__main__.InitCentersRandom object at 0x7fe2dea7cf70>_50,341.8482683499654,10.256282165290775,1.8834504286448162,0.15096144536881115,32,2.0,50,<__main__.InitCentersRandom object at 0x7fe2dea7cf70>,50,"{'batch_size': 32, 'betas': 2.0, 'epochs': 50, 'initializer': <__main__.InitCentersRandom object at 0x7fe2dea7cf70>, 'rbf_neurons': 50}",0.551800012588501,0.7800999879837036,0.7822499871253967,0.7047166625658671,0.10813196260219131,82
64_1.0_10_<__main__.InitCentersKMeans object at 0x7fe2dea7c340>_50,170.61861697832742,1.3687832990535231,1.557162841161092,0.013945074378594473,64,1.0,10,<__main__.InitCentersKMeans object at 0x7fe2dea7c340>,50,"{'batch_size': 64, 'betas': 1.0, 'epochs': 10, 'initializer': <__main__.InitCentersKMeans object at 0x7fe2dea7c340>, 'rbf_neurons': 50}",0.6091499924659729,0.7393500208854675,0.7394000291824341,0.6959666808446249,0.06138867246750772,83
64_0.1_10_<__main__.InitCentersRandom object at 0x7fe2dea7cf70>_10,14.262149095535278,0.23320396869482943,0.5086596012115479,0.0024239243496953235,64,0.1,10,<__main__.InitCentersRandom object at 0x7fe2dea7cf70>,10,"{'batch_size': 64, 'betas': 0.1, 'epochs': 10, 'initializer': <__main__.InitCentersRandom object at 0x7fe2dea7cf70>, 'rbf_neurons': 10}",0.6789000034332275,0.6726499795913696,0.7117499709129333,0.6877666513125101,0.01714964360753074,84
64_1.0_20_<__main__.InitCentersRandom object at 0x7fe2dea7cf70>_50,117.20963382720947,0.5590595919406348,1.6483596960703533,0.08496697812500109,64,1.0,20,<__main__.InitCentersRandom object at 0x7fe2dea7cf70>,50,"{'batch_size': 64, 'betas': 1.0, 'epochs': 20, 'initializer': <__main__.InitCentersRandom object at 0x7fe2dea7cf70>, 'rbf_neurons': 50}",0.6458500027656555,0.7652000188827515,0.6276500225067139,0.6795666813850403,0.06100607176669192,85
32_1.0_20_<__main__.InitCentersKMeans object at 0x7fe2dea7c340>_20,118.24852156639099,1.9724981303258944,1.080586036046346,0.22648803680249466,32,1.0,20,<__main__.InitCentersKMeans object at 0x7fe2dea7c340>,20,"{'batch_size': 32, 'betas': 1.0, 'epochs': 20, 'initializer': <__main__.InitCentersKMeans object at 0x7fe2dea7c340>, 'rbf_neurons': 20}",0.5709999799728394,0.7182499766349792,0.7333999872207642,0.674216647942861,0.07324680250273775,86
64_1.0_50_<__main__.InitCentersRandom object at 0x7fe2dea7cf70>_10,69.17660474777222,0.03505348110350169,0.5179284413655599,0.003935003716864147,64,1.0,50,<__main__.InitCentersRandom object at 0x7fe2dea7cf70>,10,"{'batch_size': 64, 'betas': 1.0, 'epochs': 50, 'initializer': <__main__.InitCentersRandom object at 0x7fe2dea7cf70>, 'rbf_neurons': 10}",0.676800012588501,0.6481500267982483,0.6927499771118164,0.6725666721661886,0.018452276649808,87
32_1.0_20_<__main__.InitCentersRandom object at 0x7fe2dea7cf70>_20,57.73952825864156,0.550012364290998,1.1835994720458984,0.1916389164788526,32,1.0,20,<__main__.InitCentersRandom object at 0x7fe2dea7cf70>,20,"{'batch_size': 32, 'betas': 1.0, 'epochs': 20, 'initializer': <__main__.InitCentersRandom object at 0x7fe2dea7cf70>, 'rbf_neurons': 20}",0.6791499853134155,0.6352999806404114,0.6919500231742859,0.6687999963760376,0.024257624684833043,88
16_2.0_20_<__main__.InitCentersKMeans object at 0x7fe2dea7c340>_50,228.9617267449697,1.512710557772099,1.8124014536539714,0.1353295773030419,16,2.0,20,<__main__.InitCentersKMeans object at 0x7fe2dea7c340>,50,"{'batch_size': 16, 'betas': 2.0, 'epochs': 20, 'initializer': <__main__.InitCentersKMeans object at 0x7fe2dea7c340>, 'rbf_neurons': 50}",0.6218500137329102,0.6446499824523926,0.659500002861023,0.6419999996821085,0.015484341054731272,89
64_2.0_50_<__main__.InitCentersKMeans object at 0x7fe2dea7c340>_50,413.9207190672557,10.188660289939024,1.5781934261322021,0.017700370133729746,64,2.0,50,<__main__.InitCentersKMeans object at 0x7fe2dea7c340>,50,"{'batch_size': 64, 'betas': 2.0, 'epochs': 50, 'initializer': <__main__.InitCentersKMeans object at 0x7fe2dea7c340>, 'rbf_neurons': 50}",0.6429499983787537,0.5443000197410583,0.7344499826431274,0.6405666669209799,0.07764668827255405,90
16_1.0_10_<__main__.InitCentersKMeans object at 0x7fe2dea7c340>_20,97.14102800687154,2.065083468580792,1.0997129281361897,0.008747188155631214,16,1.0,10,<__main__.InitCentersKMeans object at 0x7fe2dea7c340>,20,"{'batch_size': 16, 'betas': 1.0, 'epochs': 10, 'initializer': <__main__.InitCentersKMeans object at 0x7fe2dea7c340>, 'rbf_neurons': 20}",0.5760499835014343,0.5968000292778015,0.7003999948501587,0.6244166692097982,0.05439203637455967,91
16_1.0_20_<__main__.InitCentersRandom object at 0x7fe2dea7cf70>_10,71.21559548377991,15.650580707238431,0.9285481770833334,0.004635809798897665,16,1.0,20,<__main__.InitCentersRandom object at 0x7fe2dea7cf70>,10,"{'batch_size': 16, 'betas': 1.0, 'epochs': 20, 'initializer': <__main__.InitCentersRandom object at 0x7fe2dea7cf70>, 'rbf_neurons': 10}",0.672950029373169,0.560949981212616,0.6065499782562256,0.6134833296140035,0.045985912464430144,92
16_2.0_20_<__main__.InitCentersRandom object at 0x7fe2dea7cf70>_50,120.57187875111897,1.5837762554111539,2.3589444955190024,0.44172223654565335,16,2.0,20,<__main__.InitCentersRandom object at 0x7fe2dea7cf70>,50,"{'batch_size': 16, 'betas': 2.0, 'epochs': 20, 'initializer': <__main__.InitCentersRandom object at 0x7fe2dea7cf70>, 'rbf_neurons': 50}",0.6236500144004822,0.6741499900817871,0.5333499908447266,0.6103833317756653,0.058241815431811395,93
32_2.0_20_<__main__.InitCentersKMeans object at 0x7fe2dea7c340>_50,230.93412200609842,8.412877239009447,1.6399192015329997,0.183652717313459,32,2.0,20,<__main__.InitCentersKMeans object at 0x7fe2dea7c340>,50,"{'batch_size': 32, 'betas': 2.0, 'epochs': 20, 'initializer': <__main__.InitCentersKMeans object at 0x7fe2dea7c340>, 'rbf_neurons': 50}",0.642549991607666,0.5266000032424927,0.6468999981880188,0.6053499976793925,0.05571296591860278,94
64_2.0_50_<__main__.InitCentersRandom object at 0x7fe2dea7cf70>_50,294.4159314632416,1.2200093911849195,1.554228703180949,0.016281065976785504,64,2.0,50,<__main__.InitCentersRandom object at 0x7fe2dea7cf70>,50,"{'batch_size': 64, 'betas': 2.0, 'epochs': 50, 'initializer': <__main__.InitCentersRandom object at 0x7fe2dea7cf70>, 'rbf_neurons': 50}",0.6420999765396118,0.7843499779701233,0.38850000500679016,0.6049833198388418,0.16372239701651492,95
32_2.0_50_<__main__.InitCentersRandom object at 0x7fe2dea7cf70>_20,127.11355566978455,0.5627344019994628,0.8301452000935873,0.017091608743902288,32,2.0,50,<__main__.InitCentersRandom object at 0x7fe2dea7cf70>,20,"{'batch_size': 32, 'betas': 2.0, 'epochs': 50, 'initializer': <__main__.InitCentersRandom object at 0x7fe2dea7cf70>, 'rbf_neurons': 20}",0.5799000263214111,0.5493500232696533,0.641700029373169,0.5903166929880778,0.03841450346907338,96
64_2.0_20_<__main__.InitCentersRandom object at 0x7fe2dea7cf70>_50,117.9904990196228,0.6987652236435575,1.5621052583058674,0.01722578926732683,64,2.0,20,<__main__.InitCentersRandom object at 0x7fe2dea7cf70>,50,"{'batch_size': 64, 'betas': 2.0, 'epochs': 20, 'initializer': <__main__.InitCentersRandom object at 0x7fe2dea7cf70>, 'rbf_neurons': 50}",0.5839999914169312,0.586650013923645,0.5778499841690063,0.5828333298365275,0.003686095979309631,97
64_1.0_20_<__main__.InitCentersKMeans object at 0x7fe2dea7c340>_20,116.22232397397359,1.387085625575814,0.9731775124867758,0.17432260864553667,64,1.0,20,<__main__.InitCentersKMeans object at 0x7fe2dea7c340>,20,"{'batch_size': 64, 'betas': 1.0, 'epochs': 20, 'initializer': <__main__.InitCentersKMeans object at 0x7fe2dea7c340>, 'rbf_neurons': 20}",0.6467000246047974,0.48385000228881836,0.6144499778747559,0.5816666682561239,0.07040876595160592,98
32_1.0_10_<__main__.InitCentersRandom object at 0x7fe2dea7cf70>_50,66.07236774762471,0.9252327295220797,1.7156456311543782,0.07324024350424009,32,1.0,10,<__main__.InitCentersRandom object at 0x7fe2dea7cf70>,50,"{'batch_size': 32, 'betas': 1.0, 'epochs': 10, 'initializer': <__main__.InitCentersRandom object at 0x7fe2dea7cf70>, 'rbf_neurons': 50}",0.6448500156402588,0.4551500082015991,0.6362000107765198,0.5787333448727926,0.08745793835943781,99
16_2.0_50_<__main__.InitCentersKMeans object at 0x7fe2dea7c340>_20,249.65744296709696,13.699328389859536,1.305402119954427,0.12981265345753737,16,2.0,50,<__main__.InitCentersKMeans object at 0x7fe2dea7c340>,20,"{'batch_size': 16, 'betas': 2.0, 'epochs': 50, 'initializer': <__main__.InitCentersKMeans object at 0x7fe2dea7c340>, 'rbf_neurons': 20}",0.4952999949455261,0.506850004196167,0.6467499732971191,0.5496333241462708,0.06883353511740824,100
64_2.0_20_<__main__.InitCentersKMeans object at 0x7fe2dea7c340>_50,251.6819666226705,16.000062974887385,1.6787842909495037,0.14993704101832617,64,2.0,20,<__main__.InitCentersKMeans object at 0x7fe2dea7c340>,50,"{'batch_size': 64, 'betas': 2.0, 'epochs': 20, 'initializer': <__main__.InitCentersKMeans object at 0x7fe2dea7c340>, 'rbf_neurons': 50}",0.5526999831199646,0.44029998779296875,0.6531500220298767,0.54871666431427,0.08694129969964054,101
16_2.0_10_<__main__.InitCentersKMeans object at 0x7fe2dea7c340>_50,175.79472724596658,6.342725568593717,1.7600391705830891,0.12315726810978662,16,2.0,10,<__main__.InitCentersKMeans object at 0x7fe2dea7c340>,50,"{'batch_size': 16, 'betas': 2.0, 'epochs': 10, 'initializer': <__main__.InitCentersKMeans object at 0x7fe2dea7c340>, 'rbf_neurons': 50}",0.47894999384880066,0.5525000095367432,0.5879499912261963,0.5397999982039133,0.045396164103431814,102
16_1.0_10_<__main__.InitCentersRandom object at 0x7fe2dea7cf70>_20,33.15298922856649,0.5721973066138744,1.2904570897420247,0.12541797022511825,16,1.0,10,<__main__.InitCentersRandom object at 0x7fe2dea7cf70>,20,"{'batch_size': 16, 'betas': 1.0, 'epochs': 10, 'initializer': <__main__.InitCentersRandom object at 0x7fe2dea7cf70>, 'rbf_neurons': 20}",0.4982999861240387,0.5266500115394592,0.5509999990463257,0.5253166655699412,0.021535338386136808,103
32_2.0_50_<__main__.InitCentersKMeans object at 0x7fe2dea7c340>_20,201.10582502683005,15.059929097053312,1.299299955368042,0.2273747734210483,32,2.0,50,<__main__.InitCentersKMeans object at 0x7fe2dea7c340>,20,"{'batch_size': 32, 'betas': 2.0, 'epochs': 50, 'initializer': <__main__.InitCentersKMeans object at 0x7fe2dea7c340>, 'rbf_neurons': 20}",0.6022499799728394,0.31825000047683716,0.645799994468689,0.5220999916394552,0.14523604950423927,104
32_2.0_10_<__main__.InitCentersKMeans object at 0x7fe2dea7c340>_50,167.33840346336365,1.0140722185228788,1.520597219467163,0.01231462685976292,32,2.0,10,<__main__.InitCentersKMeans object at 0x7fe2dea7c340>,50,"{'batch_size': 32, 'betas': 2.0, 'epochs': 10, 'initializer': <__main__.InitCentersKMeans object at 0x7fe2dea7c340>, 'rbf_neurons': 50}",0.4751499891281128,0.5521500110626221,0.522350013256073,0.5165500044822693,0.03170153435625136,105
64_1.0_20_<__main__.InitCentersRandom object at 0x7fe2dea7cf70>_20,46.14126340548197,0.3519580147341008,0.7603972752888998,0.03536397866773313,64,1.0,20,<__main__.InitCentersRandom object at 0x7fe2dea7cf70>,20,"{'batch_size': 64, 'betas': 1.0, 'epochs': 20, 'initializer': <__main__.InitCentersRandom object at 0x7fe2dea7cf70>, 'rbf_neurons': 20}",0.3847000002861023,0.5002999901771545,0.6425999999046326,0.5091999967892965,0.10547514727518076,106
32_1.0_10_<__main__.InitCentersKMeans object at 0x7fe2dea7c340>_20,92.1547577381134,4.976697957258104,1.0609557628631592,0.25177926443228527,32,1.0,10,<__main__.InitCentersKMeans object at 0x7fe2dea7c340>,20,"{'batch_size': 32, 'betas': 1.0, 'epochs': 10, 'initializer': <__main__.InitCentersKMeans object at 0x7fe2dea7c340>, 'rbf_neurons': 20}",0.6643000245094299,0.45875000953674316,0.3784500062465668,0.5005000134309133,0.12037401534133024,107
16_1.0_20_<__main__.InitCentersKMeans object at 0x7fe2dea7c340>_10,90.8702925046285,0.6448639514708062,1.072287956873576,0.21730717074083936,16,1.0,20,<__main__.InitCentersKMeans object at 0x7fe2dea7c340>,10,"{'batch_size': 16, 'betas': 1.0, 'epochs': 20, 'initializer': <__main__.InitCentersKMeans object at 0x7fe2dea7c340>, 'rbf_neurons': 10}",0.5498999953269958,0.6165000200271606,0.3025999963283539,0.4896666705608368,0.13504158934396732,108
64_2.0_50_<__main__.InitCentersKMeans object at 0x7fe2dea7c340>_20,176.78305665651956,1.9870722524010875,0.711151917775472,0.009255533473724766,64,2.0,50,<__main__.InitCentersKMeans object at 0x7fe2dea7c340>,20,"{'batch_size': 64, 'betas': 2.0, 'epochs': 50, 'initializer': <__main__.InitCentersKMeans object at 0x7fe2dea7c340>, 'rbf_neurons': 20}",0.5836499929428101,0.4350999891757965,0.4491499960422516,0.48929999272028607,0.06696164364634215,109
32_1.0_50_<__main__.InitCentersKMeans object at 0x7fe2dea7c340>_10,163.77808666229248,18.639130768994065,0.7994619210561117,0.041602298936121405,32,1.0,50,<__main__.InitCentersKMeans object at 0x7fe2dea7c340>,10,"{'batch_size': 32, 'betas': 1.0, 'epochs': 50, 'initializer': <__main__.InitCentersKMeans object at 0x7fe2dea7c340>, 'rbf_neurons': 10}",0.4699000120162964,0.4812000095844269,0.4797999858856201,0.47696666916211444,0.005029463125868829,110
16_1.0_50_<__main__.InitCentersKMeans object at 0x7fe2dea7c340>_10,177.89620288213095,9.501877984783983,1.0810075600941975,0.2398248541230085,16,1.0,50,<__main__.InitCentersKMeans object at 0x7fe2dea7c340>,10,"{'batch_size': 16, 'betas': 1.0, 'epochs': 50, 'initializer': <__main__.InitCentersKMeans object at 0x7fe2dea7c340>, 'rbf_neurons': 10}",0.32545000314712524,0.5672000050544739,0.49070000648498535,0.4611166715621948,0.10088655719640836,111
16_2.0_10_<__main__.InitCentersRandom object at 0x7fe2dea7cf70>_50,58.674219369888306,0.8938733559546327,1.6808106104532878,0.011793518290198934,16,2.0,10,<__main__.InitCentersRandom object at 0x7fe2dea7cf70>,50,"{'batch_size': 16, 'betas': 2.0, 'epochs': 10, 'initializer': <__main__.InitCentersRandom object at 0x7fe2dea7cf70>, 'rbf_neurons': 50}",0.3801499903202057,0.565500020980835,0.43114998936653137,0.45893333355585736,0.07817755060216441,112
32_2.0_20_<__main__.InitCentersRandom object at 0x7fe2dea7cf70>_50,113.68319249153137,1.4269530254094778,1.5663057963053386,0.03386188420660896,32,2.0,20,<__main__.InitCentersRandom object at 0x7fe2dea7cf70>,50,"{'batch_size': 32, 'betas': 2.0, 'epochs': 20, 'initializer': <__main__.InitCentersRandom object at 0x7fe2dea7cf70>, 'rbf_neurons': 50}",0.5741999745368958,0.40674999356269836,0.39035001397132874,0.45709999402364093,0.08307243389477574,113
32_2.0_50_<__main__.InitCentersRandom object at 0x7fe2dea7cf70>_10,109.45292393366496,23.251843228173385,0.7023292382558187,0.032372275380294864,32,2.0,50,<__main__.InitCentersRandom object at 0x7fe2dea7cf70>,10,"{'batch_size': 32, 'betas': 2.0, 'epochs': 50, 'initializer': <__main__.InitCentersRandom object at 0x7fe2dea7cf70>, 'rbf_neurons': 10}",0.6420000195503235,0.4104999899864197,0.30709999799728394,0.45320000251134235,0.1400166047564312,114
64_1.0_10_<__main__.InitCentersRandom object at 0x7fe2dea7cf70>_50,73.65021109580994,0.3531686330169293,1.9574131965637207,0.034775321466127745,64,1.0,10,<__main__.InitCentersRandom object at 0x7fe2dea7cf70>,50,"{'batch_size': 64, 'betas': 1.0, 'epochs': 10, 'initializer': <__main__.InitCentersRandom object at 0x7fe2dea7cf70>, 'rbf_neurons': 50}",0.4466499984264374,0.37244999408721924,0.5331000089645386,0.45073333382606506,0.06564862040190497,115
32_1.0_20_<__main__.InitCentersRandom object at 0x7fe2dea7cf70>_10,56.536870876948036,18.259737711076042,0.7428137461344401,0.04657703575336741,32,1.0,20,<__main__.InitCentersRandom object at 0x7fe2dea7cf70>,10,"{'batch_size': 32, 'betas': 1.0, 'epochs': 20, 'initializer': <__main__.InitCentersRandom object at 0x7fe2dea7cf70>, 'rbf_neurons': 10}",0.2765499949455261,0.5845500230789185,0.4878000020980835,0.4496333400408427,0.12860410802662653,116
64_1.0_10_<__main__.InitCentersRandom object at 0x7fe2dea7cf70>_20,24.443813959757488,2.44204513516358,0.7432371775309244,0.05786739743969601,64,1.0,10,<__main__.InitCentersRandom object at 0x7fe2dea7cf70>,20,"{'batch_size': 64, 'betas': 1.0, 'epochs': 10, 'initializer': <__main__.InitCentersRandom object at 0x7fe2dea7cf70>, 'rbf_neurons': 20}",0.42899999022483826,0.5217499732971191,0.34850001335144043,0.43308332562446594,0.0707879103439008,117
16_1.0_10_<__main__.InitCentersKMeans object at 0x7fe2dea7c340>_10,77.74516495068868,9.32312273445568,0.9186402161916097,0.016200566789251525,16,1.0,10,<__main__.InitCentersKMeans object at 0x7fe2dea7c340>,10,"{'batch_size': 16, 'betas': 1.0, 'epochs': 10, 'initializer': <__main__.InitCentersKMeans object at 0x7fe2dea7c340>, 'rbf_neurons': 10}",0.4311000108718872,0.4608500003814697,0.3922500014305115,0.4280666708946228,0.028087848233487273,118
64_1.0_50_<__main__.InitCentersKMeans object at 0x7fe2dea7c340>_10,113.82490563392639,5.057826936511265,0.6035017172495524,0.1065339589806907,64,1.0,50,<__main__.InitCentersKMeans object at 0x7fe2dea7c340>,10,"{'batch_size': 64, 'betas': 1.0, 'epochs': 50, 'initializer': <__main__.InitCentersKMeans object at 0x7fe2dea7c340>, 'rbf_neurons': 10}",0.40595000982284546,0.4318000078201294,0.4374000132083893,0.425050010283788,0.013697871569289885,119
64_1.0_10_<__main__.InitCentersKMeans object at 0x7fe2dea7c340>_20,80.17678491274516,2.438820385818218,0.7433966000874838,0.03147630147116643,64,1.0,10,<__main__.InitCentersKMeans object at 0x7fe2dea7c340>,20,"{'batch_size': 64, 'betas': 1.0, 'epochs': 10, 'initializer': <__main__.InitCentersKMeans object at 0x7fe2dea7c340>, 'rbf_neurons': 20}",0.39544999599456787,0.38600000739097595,0.49105000495910645,0.42416666944821674,0.04745075340426593,120
32_1.0_10_<__main__.InitCentersRandom object at 0x7fe2dea7cf70>_20,29.486531972885132,0.3397195305516265,1.2377248605092366,0.22715574100527902,32,1.0,10,<__main__.InitCentersRandom object at 0x7fe2dea7cf70>,20,"{'batch_size': 32, 'betas': 1.0, 'epochs': 10, 'initializer': <__main__.InitCentersRandom object at 0x7fe2dea7cf70>, 'rbf_neurons': 20}",0.36390000581741333,0.5547500252723694,0.33709999918937683,0.41858334342638653,0.09690402132187133,121
32_1.0_20_<__main__.InitCentersKMeans object at 0x7fe2dea7c340>_10,91.99474326769511,0.8235098276261921,0.7863325277964274,0.028821931412667617,32,1.0,20,<__main__.InitCentersKMeans object at 0x7fe2dea7c340>,10,"{'batch_size': 32, 'betas': 1.0, 'epochs': 20, 'initializer': <__main__.InitCentersKMeans object at 0x7fe2dea7c340>, 'rbf_neurons': 10}",0.4012500047683716,0.39594998955726624,0.4000000059604645,0.3990666667620341,0.0022621349582465987,122
16_2.0_20_<__main__.InitCentersKMeans object at 0x7fe2dea7c340>_20,125.50102535883586,1.261680968719557,1.2915360927581787,0.14024763157704387,16,2.0,20,<__main__.InitCentersKMeans object at 0x7fe2dea7c340>,20,"{'batch_size': 16, 'betas': 2.0, 'epochs': 20, 'initializer': <__main__.InitCentersKMeans object at 0x7fe2dea7c340>, 'rbf_neurons': 20}",0.4184499979019165,0.4175499975681305,0.2981500029563904,0.3780499994754791,0.05649902407984878,123
64_1.0_10_<__main__.InitCentersRandom object at 0x7fe2dea7cf70>_10,13.920408646265665,0.09474383369689485,0.5874745845794678,0.12187097280753212,64,1.0,10,<__main__.InitCentersRandom object at 0x7fe2dea7cf70>,10,"{'batch_size': 64, 'betas': 1.0, 'epochs': 10, 'initializer': <__main__.InitCentersRandom object at 0x7fe2dea7cf70>, 'rbf_neurons': 10}",0.26554998755455017,0.382999986410141,0.4599500000476837,0.3694999913374583,0.07993550990039601,124
64_2.0_10_<__main__.InitCentersKMeans object at 0x7fe2dea7c340>_50,169.62434124946594,0.6890804391764769,1.6207187175750732,0.10380649948722313,64,2.0,10,<__main__.InitCentersKMeans object at 0x7fe2dea7c340>,50,"{'batch_size': 64, 'betas': 2.0, 'epochs': 10, 'initializer': <__main__.InitCentersKMeans object at 0x7fe2dea7c340>, 'rbf_neurons': 50}",0.36134999990463257,0.3573499917984009,0.38885000348091125,0.36918333172798157,0.01400198794435018,125
64_2.0_50_<__main__.InitCentersRandom object at 0x7fe2dea7cf70>_20,115.79548891385396,0.6303624339670751,0.7304458618164062,0.007892578681752497,64,2.0,50,<__main__.InitCentersRandom object at 0x7fe2dea7cf70>,20,"{'batch_size': 64, 'betas': 2.0, 'epochs': 50, 'initializer': <__main__.InitCentersRandom object at 0x7fe2dea7cf70>, 'rbf_neurons': 20}",0.43985000252723694,0.28824999928474426,0.3734000027179718,0.367166668176651,0.06204719220297276,126
32_2.0_20_<__main__.InitCentersKMeans object at 0x7fe2dea7c340>_20,108.9750341574351,4.8434338779253086,0.8644758065541586,0.06663600476953443,32,2.0,20,<__main__.InitCentersKMeans object at 0x7fe2dea7c340>,20,"{'batch_size': 32, 'betas': 2.0, 'epochs': 20, 'initializer': <__main__.InitCentersKMeans object at 0x7fe2dea7c340>, 'rbf_neurons': 20}",0.1140500009059906,0.478549987077713,0.5006499886512756,0.3644166588783264,0.17726571408587977,127
16_2.0_10_<__main__.InitCentersKMeans object at 0x7fe2dea7c340>_20,94.4077049891154,2.514848772957313,1.1031636397043865,0.006399701031463471,16,2.0,10,<__main__.InitCentersKMeans object at 0x7fe2dea7c340>,20,"{'batch_size': 16, 'betas': 2.0, 'epochs': 10, 'initializer': <__main__.InitCentersKMeans object at 0x7fe2dea7c340>, 'rbf_neurons': 20}",0.3785499930381775,0.27674999833106995,0.3828499913215637,0.3460499942302704,0.04903393090524954,128
64_2.0_20_<__main__.InitCentersKMeans object at 0x7fe2dea7c340>_20,103.36236031850179,3.655629222559416,0.7455247243245443,0.040597047307347416,64,2.0,20,<__main__.InitCentersKMeans object at 0x7fe2dea7c340>,20,"{'batch_size': 64, 'betas': 2.0, 'epochs': 20, 'initializer': <__main__.InitCentersKMeans object at 0x7fe2dea7c340>, 'rbf_neurons': 20}",0.3510499894618988,0.37975001335144043,0.2688499987125397,0.33321666717529297,0.04699804144543731,129
64_1.0_20_<__main__.InitCentersRandom object at 0x7fe2dea7cf70>_10,27.97804586092631,0.18173978946640484,0.6786228815714518,0.12331317705306465,64,1.0,20,<__main__.InitCentersRandom object at 0x7fe2dea7cf70>,10,"{'batch_size': 64, 'betas': 1.0, 'epochs': 20, 'initializer': <__main__.InitCentersRandom object at 0x7fe2dea7cf70>, 'rbf_neurons': 10}",0.25165000557899475,0.5287500023841858,0.21664999425411224,0.3323500007390976,0.1396089077454789,130
32_2.0_10_<__main__.InitCentersKMeans object at 0x7fe2dea7c340>_20,85.69222402572632,2.5904783494254255,0.8309009869893392,0.011245128174821123,32,2.0,10,<__main__.InitCentersKMeans object at 0x7fe2dea7c340>,20,"{'batch_size': 32, 'betas': 2.0, 'epochs': 10, 'initializer': <__main__.InitCentersKMeans object at 0x7fe2dea7c340>, 'rbf_neurons': 20}",0.35839998722076416,0.35269999504089355,0.26269999146461487,0.3245999912420909,0.043831723344713795,131
64_2.0_10_<__main__.InitCentersRandom object at 0x7fe2dea7cf70>_50,61.43869582811991,2.2068943751236625,1.871724049250285,0.1910654478121184,64,2.0,10,<__main__.InitCentersRandom object at 0x7fe2dea7cf70>,50,"{'batch_size': 64, 'betas': 2.0, 'epochs': 10, 'initializer': <__main__.InitCentersRandom object at 0x7fe2dea7cf70>, 'rbf_neurons': 50}",0.34950000047683716,0.3606500029563904,0.25714999437332153,0.32243333260218304,0.046386178448265224,132
64_2.0_10_<__main__.InitCentersKMeans object at 0x7fe2dea7c340>_20,78.81118774414062,2.24355681828556,0.7161972522735596,0.0036790553850344666,64,2.0,10,<__main__.InitCentersKMeans object at 0x7fe2dea7c340>,20,"{'batch_size': 64, 'betas': 2.0, 'epochs': 10, 'initializer': <__main__.InitCentersKMeans object at 0x7fe2dea7c340>, 'rbf_neurons': 20}",0.26144999265670776,0.3686999976634979,0.3361000120639801,0.32208333412806195,0.04489239979297587,133
16_2.0_50_<__main__.InitCentersRandom object at 0x7fe2dea7cf70>_10,127.58415548006694,0.3109947028190014,0.9191430409749349,0.007606800295736973,16,2.0,50,<__main__.InitCentersRandom object at 0x7fe2dea7cf70>,10,"{'batch_size': 16, 'betas': 2.0, 'epochs': 50, 'initializer': <__main__.InitCentersRandom object at 0x7fe2dea7cf70>, 'rbf_neurons': 10}",0.2365500032901764,0.5977500081062317,0.10894999653100967,0.31441666930913925,0.20700849593944337,134
64_1.0_10_<__main__.InitCentersKMeans object at 0x7fe2dea7c340>_10,58.123855193456016,4.994296349435284,0.6855247815450033,0.10299999986286192,64,1.0,10,<__main__.InitCentersKMeans object at 0x7fe2dea7c340>,10,"{'batch_size': 64, 'betas': 1.0, 'epochs': 10, 'initializer': <__main__.InitCentersKMeans object at 0x7fe2dea7c340>, 'rbf_neurons': 10}",0.322050005197525,0.3463999927043915,0.26034998893737793,0.30959999561309814,0.03621604470456893,135
32_2.0_20_<__main__.InitCentersRandom object at 0x7fe2dea7cf70>_20,51.474185943603516,0.3517623009284151,1.0349728266398113,0.2910321823868763,32,2.0,20,<__main__.InitCentersRandom object at 0x7fe2dea7cf70>,20,"{'batch_size': 32, 'betas': 2.0, 'epochs': 20, 'initializer': <__main__.InitCentersRandom object at 0x7fe2dea7cf70>, 'rbf_neurons': 20}",0.11410000175237656,0.4020000100135803,0.41260001063346863,0.3095666741331418,0.1382835372510468,136
16_2.0_20_<__main__.InitCentersRandom object at 0x7fe2dea7cf70>_20,73.12577660878499,6.516302264616027,1.2338724931081135,0.11092846692767541,16,2.0,20,<__main__.InitCentersRandom object at 0x7fe2dea7cf70>,20,"{'batch_size': 16, 'betas': 2.0, 'epochs': 20, 'initializer': <__main__.InitCentersRandom object at 0x7fe2dea7cf70>, 'rbf_neurons': 20}",0.1140500009059906,0.1140500009059906,0.6820999979972839,0.3033999999364217,0.2677813366641681,137
16_2.0_20_<__main__.InitCentersKMeans object at 0x7fe2dea7c340>_10,98.07976706822713,0.46334341678309426,1.4511064688364665,0.08744530668848041,16,2.0,20,<__main__.InitCentersKMeans object at 0x7fe2dea7c340>,10,"{'batch_size': 16, 'betas': 2.0, 'epochs': 20, 'initializer': <__main__.InitCentersKMeans object at 0x7fe2dea7c340>, 'rbf_neurons': 10}",0.40845000743865967,0.11410000175237656,0.3763999938964844,0.29965000102917355,0.1318544715857295,138
32_2.0_50_<__main__.InitCentersKMeans object at 0x7fe2dea7c340>_10,157.48746808369955,27.90185138570571,0.6953903039296468,0.0315419153271495,32,2.0,50,<__main__.InitCentersKMeans object at 0x7fe2dea7c340>,10,"{'batch_size': 32, 'betas': 2.0, 'epochs': 50, 'initializer': <__main__.InitCentersKMeans object at 0x7fe2dea7c340>, 'rbf_neurons': 10}",0.30515000224113464,0.48295000195503235,0.10894999653100967,0.29901666690905887,0.15274644429252468,139
16_1.0_10_<__main__.InitCentersRandom object at 0x7fe2dea7cf70>_10,25.943609793980915,0.14528187526189426,1.0715548992156982,0.2167424914550525,16,1.0,10,<__main__.InitCentersRandom object at 0x7fe2dea7cf70>,10,"{'batch_size': 16, 'betas': 1.0, 'epochs': 10, 'initializer': <__main__.InitCentersRandom object at 0x7fe2dea7cf70>, 'rbf_neurons': 10}",0.1140500009059906,0.3598499894142151,0.42124998569488525,0.29838332533836365,0.1327317363658354,140
16_2.0_20_<__main__.InitCentersRandom object at 0x7fe2dea7cf70>_10,61.87962539990743,14.500139755876793,1.1570016543070476,0.19717777540055226,16,2.0,20,<__main__.InitCentersRandom object at 0x7fe2dea7cf70>,10,"{'batch_size': 16, 'betas': 2.0, 'epochs': 20, 'initializer': <__main__.InitCentersRandom object at 0x7fe2dea7cf70>, 'rbf_neurons': 10}",0.2944500148296356,0.28575000166893005,0.2944500148296356,0.29155001044273376,0.004101225534898076,141
32_2.0_10_<__main__.InitCentersRandom object at 0x7fe2dea7cf70>_20,26.751309235890705,0.44349946751036284,1.0378411610921223,0.2642863523461078,32,2.0,10,<__main__.InitCentersRandom object at 0x7fe2dea7cf70>,20,"{'batch_size': 32, 'betas': 2.0, 'epochs': 10, 'initializer': <__main__.InitCentersRandom object at 0x7fe2dea7cf70>, 'rbf_neurons': 20}",0.20389999449253082,0.40849998593330383,0.26159998774528503,0.29133332272370654,0.08613300773066179,142
16_2.0_10_<__main__.InitCentersRandom object at 0x7fe2dea7cf70>_20,34.53978602091471,0.6306868153488764,1.6496755282084148,0.755999217294999,16,2.0,10,<__main__.InitCentersRandom object at 0x7fe2dea7cf70>,20,"{'batch_size': 16, 'betas': 2.0, 'epochs': 10, 'initializer': <__main__.InitCentersRandom object at 0x7fe2dea7cf70>, 'rbf_neurons': 20}",0.3719500005245209,0.3828999996185303,0.10894999653100967,0.2879333322246869,0.12663925526751538,143
32_1.0_10_<__main__.InitCentersRandom object at 0x7fe2dea7cf70>_10,27.817604144414265,9.584215607507252,1.0433680216471355,0.2727809976880936,32,1.0,10,<__main__.InitCentersRandom object at 0x7fe2dea7cf70>,10,"{'batch_size': 32, 'betas': 1.0, 'epochs': 10, 'initializer': <__main__.InitCentersRandom object at 0x7fe2dea7cf70>, 'rbf_neurons': 10}",0.3722499907016754,0.26649999618530273,0.21995000541210175,0.28623333076636,0.0637227052683058,144
32_1.0_10_<__main__.InitCentersKMeans object at 0x7fe2dea7c340>_10,66.54759748776753,3.713791736295237,0.8476784229278564,0.06727449633534793,32,1.0,10,<__main__.InitCentersKMeans object at 0x7fe2dea7c340>,10,"{'batch_size': 32, 'betas': 1.0, 'epochs': 10, 'initializer': <__main__.InitCentersKMeans object at 0x7fe2dea7c340>, 'rbf_neurons': 10}",0.2978000044822693,0.2665500044822693,0.2662999927997589,0.2768833339214325,0.01479067176687794,145
64_1.0_20_<__main__.InitCentersKMeans object at 0x7fe2dea7c340>_10,78.08698026339214,3.6507482154435387,0.6518529256184896,0.08187612468901193,64,1.0,20,<__main__.InitCentersKMeans object at 0x7fe2dea7c340>,10,"{'batch_size': 64, 'betas': 1.0, 'epochs': 20, 'initializer': <__main__.InitCentersKMeans object at 0x7fe2dea7c340>, 'rbf_neurons': 10}",0.2755500078201294,0.27639999985694885,0.25975000858306885,0.2705666720867157,0.007656403795908731,146
64_2.0_20_<__main__.InitCentersRandom object at 0x7fe2dea7cf70>_20,46.35859855016073,0.23334776833005577,0.7160069942474365,0.0128426413206751,64,2.0,20,<__main__.InitCentersRandom object at 0x7fe2dea7cf70>,20,"{'batch_size': 64, 'betas': 2.0, 'epochs': 20, 'initializer': <__main__.InitCentersRandom object at 0x7fe2dea7cf70>, 'rbf_neurons': 20}",0.26190000772476196,0.26260000467300415,0.2685000002384186,0.2643333375453949,0.0029601021862951074,147
16_2.0_50_<__main__.InitCentersKMeans object at 0x7fe2dea7c340>_10,173.31326802571616,1.5437682838897036,1.2323180039723713,0.2124419302363384,16,2.0,50,<__main__.InitCentersKMeans object at 0x7fe2dea7c340>,10,"{'batch_size': 16, 'betas': 2.0, 'epochs': 50, 'initializer': <__main__.InitCentersKMeans object at 0x7fe2dea7c340>, 'rbf_neurons': 10}",0.31185001134872437,0.32394999265670776,0.10894999653100967,0.24825000017881393,0.09862376538854482,148
64_2.0_50_<__main__.InitCentersKMeans object at 0x7fe2dea7c340>_10,114.57749875386556,1.4223329021412443,0.5119258562723795,0.0049516440310260115,64,2.0,50,<__main__.InitCentersKMeans object at 0x7fe2dea7c340>,10,"{'batch_size': 64, 'betas': 2.0, 'epochs': 50, 'initializer': <__main__.InitCentersKMeans object at 0x7fe2dea7c340>, 'rbf_neurons': 10}",0.3045499920845032,0.11410000175237656,0.3001500070095062,0.23960000028212866,0.08876007807714337,149
64_2.0_50_<__main__.InitCentersRandom object at 0x7fe2dea7cf70>_10,73.0034846464793,6.61534847946006,0.5814628601074219,0.09533676379052285,64,2.0,50,<__main__.InitCentersRandom object at 0x7fe2dea7cf70>,10,"{'batch_size': 64, 'betas': 2.0, 'epochs': 50, 'initializer': <__main__.InitCentersRandom object at 0x7fe2dea7cf70>, 'rbf_neurons': 10}",0.2885499894618988,0.3061000108718872,0.10904999822378159,0.23456666618585587,0.0890424103638222,150
32_2.0_20_<__main__.InitCentersKMeans object at 0x7fe2dea7c340>_10,81.45596234003703,1.6223667324568039,0.7205008665720621,0.031948230027448454,32,2.0,20,<__main__.InitCentersKMeans object at 0x7fe2dea7c340>,10,"{'batch_size': 32, 'betas': 2.0, 'epochs': 20, 'initializer': <__main__.InitCentersKMeans object at 0x7fe2dea7c340>, 'rbf_neurons': 10}",0.2707499861717224,0.11410000175237656,0.2782500088214874,0.2210333322485288,0.07567525118639619,151
64_2.0_10_<__main__.InitCentersRandom object at 0x7fe2dea7cf70>_20,22.919179836908977,0.4608909600838017,0.7131232420603434,0.010870053272465537,64,2.0,10,<__main__.InitCentersRandom object at 0x7fe2dea7cf70>,20,"{'batch_size': 64, 'betas': 2.0, 'epochs': 10, 'initializer': <__main__.InitCentersRandom object at 0x7fe2dea7cf70>, 'rbf_neurons': 20}",0.2434999942779541,0.2750000059604645,0.13660000264644623,0.21836666762828827,0.05923064134206871,152
16_2.0_10_<__main__.InitCentersKMeans object at 0x7fe2dea7c340>_10,78.64441021283467,10.83543407905185,0.9312671025594076,0.003777953612918373,16,2.0,10,<__main__.InitCentersKMeans object at 0x7fe2dea7c340>,10,"{'batch_size': 16, 'betas': 2.0, 'epochs': 10, 'initializer': <__main__.InitCentersKMeans object at 0x7fe2dea7c340>, 'rbf_neurons': 10}",0.1140500009059906,0.2570500075817108,0.2768000066280365,0.21596667170524597,0.07251561420680519,153
32_2.0_10_<__main__.InitCentersRandom object at 0x7fe2dea7cf70>_50,57.18891565004984,0.7152887164253618,1.6240800221761067,0.14054375163437227,32,2.0,10,<__main__.InitCentersRandom object at 0x7fe2dea7cf70>,50,"{'batch_size': 32, 'betas': 2.0, 'epochs': 10, 'initializer': <__main__.InitCentersRandom object at 0x7fe2dea7cf70>, 'rbf_neurons': 50}",0.11424999684095383,0.12134999781847,0.39989998936653137,0.21183332800865173,0.13301479701946628,154
32_2.0_10_<__main__.InitCentersRandom object at 0x7fe2dea7cf70>_10,20.10523835817973,0.9378662235960024,0.683003822962443,0.012833609340762194,32,2.0,10,<__main__.InitCentersRandom object at 0x7fe2dea7cf70>,10,"{'batch_size': 32, 'betas': 2.0, 'epochs': 10, 'initializer': <__main__.InitCentersRandom object at 0x7fe2dea7cf70>, 'rbf_neurons': 10}",0.2305999994277954,0.11410000175237656,0.24934999644756317,0.1980166658759117,0.05982973332871087,155
64_2.0_20_<__main__.InitCentersRandom object at 0x7fe2dea7cf70>_10,27.778154611587524,0.3218601767788476,0.5960484345753988,0.12248330574346555,64,2.0,20,<__main__.InitCentersRandom object at 0x7fe2dea7cf70>,10,"{'batch_size': 64, 'betas': 2.0, 'epochs': 20, 'initializer': <__main__.InitCentersRandom object at 0x7fe2dea7cf70>, 'rbf_neurons': 10}",0.26980000734329224,0.11410000175237656,0.10894999653100967,0.16428333520889282,0.07464117144571882,156
64_2.0_10_<__main__.InitCentersKMeans object at 0x7fe2dea7c340>_10,61.78108867009481,2.65893392711581,0.5610868136088053,0.06119885161533083,64,2.0,10,<__main__.InitCentersKMeans object at 0x7fe2dea7c340>,10,"{'batch_size': 64, 'betas': 2.0, 'epochs': 10, 'initializer': <__main__.InitCentersKMeans object at 0x7fe2dea7c340>, 'rbf_neurons': 10}",0.257099986076355,0.11410000175237656,0.10894999653100967,0.1600499947865804,0.06865690664676555,157
64_2.0_10_<__main__.InitCentersRandom object at 0x7fe2dea7cf70>_10,14.189163287480673,0.13660111524458832,0.6558441321055094,0.1133372933449498,64,2.0,10,<__main__.InitCentersRandom object at 0x7fe2dea7cf70>,10,"{'batch_size': 64, 'betas': 2.0, 'epochs': 10, 'initializer': <__main__.InitCentersRandom object at 0x7fe2dea7cf70>, 'rbf_neurons': 10}",0.25600001215934753,0.11410000175237656,0.10899999737739563,0.15970000376303992,0.06812621240023499,158
32_2.0_10_<__main__.InitCentersKMeans object at 0x7fe2dea7c340>_10,63.254289627075195,1.1636138823028659,0.7139724890391032,0.032292420733196193,32,2.0,10,<__main__.InitCentersKMeans object at 0x7fe2dea7c340>,10,"{'batch_size': 32, 'betas': 2.0, 'epochs': 10, 'initializer': <__main__.InitCentersKMeans object at 0x7fe2dea7c340>, 'rbf_neurons': 10}",0.1140500009059906,0.23475000262260437,0.10894999653100967,0.15258333335320154,0.05813790309988127,159
16_2.0_10_<__main__.InitCentersRandom object at 0x7fe2dea7cf70>_10,30.513230085372925,0.8915038561665467,1.0109785397847493,0.07745216235083514,16,2.0,10,<__main__.InitCentersRandom object at 0x7fe2dea7cf70>,10,"{'batch_size': 16, 'betas': 2.0, 'epochs': 10, 'initializer': <__main__.InitCentersRandom object at 0x7fe2dea7cf70>, 'rbf_neurons': 10}",0.1140500009059906,0.11420000344514847,0.10894999653100967,0.11240000029404958,0.00244028955442868,160
64_2.0_20_<__main__.InitCentersKMeans object at 0x7fe2dea7c340>_10,72.27214018503825,2.2080532473703003,0.6009861628214518,0.12121314749937273,64,2.0,20,<__main__.InitCentersKMeans object at 0x7fe2dea7c340>,10,"{'batch_size': 64, 'betas': 2.0, 'epochs': 20, 'initializer': <__main__.InitCentersKMeans object at 0x7fe2dea7c340>, 'rbf_neurons': 10}",0.1140500009059906,0.11410000175237656,0.10894999653100967,0.11236666639645894,0.0024160366647689316,161
32_2.0_20_<__main__.InitCentersRandom object at 0x7fe2dea7cf70>_10,38.631710370381676,1.95112040028581,0.6965116659800211,0.04035563865709701,32,2.0,20,<__main__.InitCentersRandom object at 0x7fe2dea7cf70>,10,"{'batch_size': 32, 'betas': 2.0, 'epochs': 20, 'initializer': <__main__.InitCentersRandom object at 0x7fe2dea7cf70>, 'rbf_neurons': 10}",0.1140500009059906,0.1140500009059906,0.10894999653100967,0.11234999944766362,0.0024041651184200487,162
